feature_id,mz_apex,rt_apex,rt_start,rt_end,mz_start,mz_end,intensity,charge,monoisotopic_mass,sequence,proteoform_id
F1,1333.36476,32.5,31.8,33.2,1333.3,1333.43,3200000.0,12,15988.28983,,
F2,1230.87572,32.5,31.8,33.2,1230.82,1230.93,4800000.0,13,15988.28983,,
F3,1142.88512,32.4,31.7,33.1,1142.83,1142.94,2100000.0,14,15988.28983,,
